series_name,track_id,danceability,energy,key,loudness,mode,speechiness,instrumentalness,liveness,valence,tempo,acousticness
Sons of Anarchy,7BMIFNd4EmJKdOvlpg4KSL,0.599,0.911,11.0,-4.557,1.0,0.0492,0.0,0.0713,0.651,77.5,5.93e-05
Sons of Anarchy,2aLlkhTM1z5XbH2sUkHUKG,0.387,0.819,7.0,-4.751,1.0,0.0517,0.00171,0.333,0.588,84.912,0.000531
Sons of Anarchy,7h8Ek6TCKiYtwYuis9IsnN,0.393,0.288,2.0,-13.982,1.0,0.0274,7.87e-05,0.104,0.315,100.208,0.943
Sons of Anarchy,3fSKfGA4zXkzQh1huixeVw,0.492,0.832,11.0,-3.869,1.0,0.052,2.97e-06,0.11,0.488,79.659,0.0338
Sons of Anarchy,6wNuaMA96DLSwVd2PABe06,0.518,0.846,11.0,-3.297,1.0,0.0417,1.33e-06,0.112,0.441,79.95,0.047
Sons of Anarchy,5sym9FUTTMj99eR5UmNUah,0.284,0.981,5.0,-5.436,1.0,0.0835,0.00381,0.337,0.227,167.015,0.000121
Sons of Anarchy,5pemg1FuwvO3rT4tUHvnjs,0.687,0.574,11.0,-9.916,0.0,0.032,0.00751,0.173,0.844,105.235,0.0295
Sons of Anarchy,261spE3XFJEZTt9hSgdJ8y,0.327,0.934,7.0,-4.943,1.0,0.0561,9.27e-05,0.1,0.718,189.919,0.0225
Sons of Anarchy,4udjjSPrTtwcbS678wrqkm,0.527,0.691,10.0,-4.904,0.0,0.0727,0.0,0.175,0.441,78.965,0.441
Sons of Anarchy,3CnZDcx6Bmabo90urAoXuX,0.411,0.769,7.0,-9.969,0.0,0.0779,0.00148,0.0701,0.634,123.826,0.0261
Sons of Anarchy,715jaGqsA2tMbbZtuOC30p,0.708,0.784,0.0,-5.097,0.0,0.0262,0.0002,0.157,0.749,110.86,0.25
Sons of Anarchy,50QJ4wumz9YuiHxBTvdrsV,0.543,0.779,7.0,-7.048,1.0,0.0319,0.0,0.242,0.3,114.343,0.000715
Sons of Anarchy,0nedgLhF1A66H8TGSqLFcf,0.367,0.519,2.0,-5.797,1.0,0.03,0.0,0.0741,0.244,114.815,0.0445
Sons of Anarchy,0yiENuwYAukXj3CW08z7YK,0.496,0.67,2.0,-4.375,1.0,0.025,0.00113,0.265,0.53,84.512,0.0439
Sons of Anarchy,1CE4npuBmWMU6nJbMykXG5,0.308,0.833,2.0,-6.349,0.0,0.08,0.000936,0.0829,0.509,164.329,1.09e-05
Sons of Anarchy,4XIrnawOD9U2DGvrUYYPSS,0.516,0.573,2.0,-6.281,1.0,0.025,0.000684,0.0843,0.457,81.313,0.0402
Sons of Anarchy,6z5X8KEPEV6glUvMfjM0NP,0.615,0.796,9.0,-7.359,1.0,0.0337,8.16e-05,0.057,0.712,119.364,0.00372
Sons of Anarchy,7AnTpD8mbA314VcqkaqbYA,0.712,0.825,6.0,-5.593,0.0,0.0665,0.0,0.155,0.454,165.952,0.000461
Sons of Anarchy,2ZgXVqLMCi7vkYQyGbphGx,0.504,0.816,1.0,-4.862,1.0,0.0505,2.03e-05,0.119,0.794,167.052,0.496
Sons of Anarchy,0aFstQn9r58an4Ndf3Z7W4,0.666,0.479,8.0,-9.236,1.0,0.0248,1.39e-05,0.113,0.64,91.048,0.255
Sons of Anarchy,3Ta1AB4NzZfFMknRODwWg0,0.598,0.347,7.0,-10.858,1.0,0.0397,3.7e-05,0.0899,0.583,77.7,0.749
Sons of Anarchy,0WWlFt5l4rR0g2V3DSbnxs,0.46,0.898,1.0,-3.717,0.0,0.0661,0.0,0.363,0.647,155.942,0.000192
Sons of Anarchy,0pzApNgwXNohjXWncImi7c,0.41,0.917,9.0,-5.28,0.0,0.0564,0.0,0.157,0.392,145.135,0.00639
Sons of Anarchy,1bZBCj0wEsgROwdW05S32m,0.595,0.49,0.0,-5.738,1.0,0.0264,0.00163,0.0964,0.202,111.961,0.511
Sons of Anarchy,5wGmaQYNYxJZrnWykQG3HF,0.665,0.839,3.0,-4.547,1.0,0.0902,0.000168,0.356,0.581,89.043,0.559
Sons of Anarchy,5Y1uViVHZ1BmzwwYBjhjaR,0.398,0.7,11.0,-11.736,0.0,0.0646,7.01e-05,0.0813,0.546,167.793,0.028
Sons of Anarchy,2eHruBEy06Vt7VswO4ROhC,0.292,0.927,7.0,-5.142,0.0,0.081,0.0417,0.178,0.403,92.236,0.000126
Sons of Anarchy,5NYH4oAITUq29ErMMMNWV4,0.347,0.897,2.0,-4.412,1.0,0.0456,9.68e-06,0.208,0.705,146.573,0.000605
Sons of Anarchy,2u0oKEVBOAMO9tjxAN9F6T,0.541,0.527,5.0,-10.334,1.0,0.0532,0.000562,0.28,0.23,114.262,0.0017
Sons of Anarchy,2qCkrKUVpmIxkU6dYYFfKU,0.644,0.324,11.0,-11.913,0.0,0.0639,0.0,0.238,0.971,124.859,0.762
Sons of Anarchy,1pbx4EutDwb0CGi1CXZzkD,0.425,0.204,0.0,-12.381,1.0,0.0393,6.86e-05,0.0654,0.819,180.841,0.898
Sons of Anarchy,4RH87gcPiBZneI200rM6C5,0.736,0.318,7.0,-8.27,0.0,0.0262,0.000138,0.106,0.414,106.222,0.723
Sons of Anarchy,2JmrfTKt2YYDwwdglDR7uw,0.538,0.0592,4.0,-17.066,1.0,0.042,0.000103,0.0859,0.326,151.503,0.8
Sons of Anarchy,3PGtFVbjxlORHB8BIdRgZt,0.332,0.846,2.0,-4.192,1.0,0.0523,1.45e-05,0.377,0.778,65.944,0.0165
Sons of Anarchy,1mDIYXgM20ZbR6ge6aFPUN,0.431,0.767,4.0,-6.7,1.0,0.0349,0.00307,0.108,0.724,79.798,0.0125
Sons of Anarchy,7GM54BNhHePxTrXlFpuGhX,0.348,0.518,11.0,-9.231,1.0,0.0307,0.021,0.251,0.533,140.535,0.0387
Sons of Anarchy,2nUtlca6t5N18fawWF4U3C,0.476,0.716,4.0,-5.369,1.0,0.0283,0.00247,0.168,0.363,82.695,0.0129
Sons of Anarchy,08hPWkpbfOxuJ7d3qBLfDC,0.546,0.647,4.0,-6.524,0.0,0.0406,0.000486,0.113,0.178,112.027,0.26
Sons of Anarchy,3ktmYgw3pNDx9p7mmV4irV,0.563,0.286,9.0,-9.816,1.0,0.0285,0.000145,0.126,0.313,143.938,0.852
Sons of Anarchy,05tY1sajpJL9AgkZ5xjknY,0.656,0.888,11.0,-3.294,1.0,0.0287,1.42e-06,0.0737,0.575,119.97,0.00171
Sons of Anarchy,6U7yjgpweQna55cfWEZXIk,0.477,0.648,6.0,-7.687,1.0,0.0498,0.0184,0.115,0.571,89.753,0.0254
Sons of Anarchy,32tAenTfKIntE8GdbSkVg0,0.491,0.825,4.0,-4.765,0.0,0.0412,0.000114,0.367,0.705,138.714,0.083
Sons of Anarchy,7Dxg82BGWuhpARApxzgfDw,0.653,0.924,7.0,-5.622,1.0,0.0537,0.0034,0.258,0.476,97.002,0.635
Sons of Anarchy,2ySLRs48N3xfRnMuXMppgO,0.416,0.0621,9.0,-14.871,1.0,0.0406,0.0,0.202,0.441,86.197,0.926
Sons of Anarchy,1A224heW3WPnSBZvI7kkj5,0.52,0.578,10.0,-8.067,1.0,0.032,0.000683,0.0977,0.541,82.948,0.669
Sons of Anarchy,5lMCWPiHC09WTv9h4RUkIS,0.286,0.416,6.0,-9.57,1.0,0.0295,0.000583,0.102,0.229,93.498,0.331
Sons of Anarchy,0ZmCXhJ7oXIisB1HygOW9u,0.546,0.597,2.0,-6.157,1.0,0.0328,0.000195,0.107,0.346,108.941,0.637
Sons of Anarchy,4Wh9Qt5ATomgTIlMinMnwT,0.459,0.993,6.0,-3.895,1.0,0.0879,0.000161,0.135,0.106,119.959,5.4e-06
Sons of Anarchy,7waO1WwTUxlq7PivoeIyQa,0.584,0.81,5.0,-2.721,1.0,0.0416,0.00328,0.0801,0.737,109.152,0.00793
Sons of Anarchy,61fH7B8MyjBgAyqNzNp6La,0.544,0.989,9.0,-3.529,1.0,0.0604,0.00339,0.322,0.314,116.011,0.000104
Sons of Anarchy,76vb4n7oi4CCegocml01Ea,0.325,0.461,10.0,-8.633,1.0,0.0276,0.00131,0.108,0.327,144.321,0.528
Sons of Anarchy,63RTC1uFDMFqXeE2tC5w4A,0.389,0.896,10.0,-4.372,1.0,0.0449,1.37e-05,0.347,0.161,120.879,0.000157
Sons of Anarchy,5ihNv2zpRwYTjBoVcizH3D,0.425,0.238,7.0,-12.41,1.0,0.0281,1.73e-05,0.142,0.212,89.037,0.906
Sons of Anarchy,1yNiyrqMIcFCsxiP5hqwwZ,0.309,0.583,5.0,-5.595,1.0,0.0307,0.00138,0.266,0.134,124.815,0.126
Sons of Anarchy,6jEZLz3YpnEBRpVkv35AmP,0.857,0.801,0.0,-6.499,1.0,0.0618,1.2e-06,0.0789,0.753,96.009,0.332
Sons of Anarchy,54H5tHuZPQK3Aq5oto2HVS,0.444,0.314,4.0,-10.617,1.0,0.0777,0.0,0.08,0.64,77.28,0.547
Sons of Anarchy,72Bk7mclrHaifRPTyCcOAN,0.71,0.505,10.0,-5.315,1.0,0.0277,0.0454,0.0924,0.433,121.881,0.56
Sons of Anarchy,1DmSjscF7aXVsImopo90Od,0.718,0.802,10.0,-5.454,0.0,0.0885,0.0,0.149,0.791,100.034,0.0943
Sons of Anarchy,7hUvxmX4bOQYCQ0W5U9NMu,0.475,0.935,5.0,-5.096,1.0,0.0355,0.0435,0.107,0.745,130.441,0.0876
Sons of Anarchy,5JBpmfcPXxIyfYZBSaCecB,0.438,0.546,0.0,-8.265,1.0,0.0373,3.58e-05,0.0946,0.588,124.061,0.0721
Sons of Anarchy,3PPTWiSYsJz9pvc6n4f5TM,0.504,0.666,1.0,-5.617,1.0,0.0291,0.00365,0.0734,0.232,104.008,0.00182
Sons of Anarchy,4qlmJ59zAF5Unpdv2CKaSj,0.497,0.82,11.0,-4.233,1.0,0.0327,0.00402,0.203,0.561,190.03,6.97e-05
Sons of Anarchy,5yNsjfPZOqr5Przk07CAM3,0.34,0.814,8.0,-4.012,1.0,0.0504,0.00127,0.086,0.653,166.612,0.00183
Sons of Anarchy,3O9lB0cF1EC2cA6RwkO2NF,0.325,0.286,0.0,-8.475,1.0,0.0303,0.0,0.0925,0.194,94.587,0.716
Sons of Anarchy,5WNk0MdibXb6r29i9r0TxY,0.609,0.392,0.0,-6.597,1.0,0.026,1.57e-06,0.105,0.229,142.891,0.722
Sons of Anarchy,620XXD7D7ySJ3NHHDletE6,0.599,0.492,0.0,-8.325,1.0,0.0345,0.00113,0.214,0.165,82.072,0.106
Sons of Anarchy,3io1RZn7a4qt4VXLZrK5CP,0.36,0.441,1.0,-7.607,1.0,0.0292,2.57e-05,0.102,0.323,128.317,0.297
Sons of Anarchy,5mlX215yygyx8aVXmi5eO0,0.657,0.423,9.0,-11.351,1.0,0.0449,2.46e-05,0.0986,0.737,98.291,0.248
Sons of Anarchy,6uhKGfeIoRiYGjtrkdyZtG,0.515,0.842,7.0,-6.015,1.0,0.0432,0.018,0.298,0.208,118.036,0.000269
Sons of Anarchy,5IINR00AdSxDGuDTVD5a3I,0.616,0.2,9.0,-13.817,1.0,0.0311,0.000555,0.0838,0.154,129.663,0.693
Sons of Anarchy,45FpRseqHftQdznRfVlK3L,0.405,0.543,0.0,-8.353,1.0,0.0257,0.0479,0.0854,0.602,165.864,0.109
Sons of Anarchy,5IWpNtJzoyNCvTcqy73Hg6,0.689,0.659,4.0,-5.862,1.0,0.0282,0.00622,0.118,0.845,108.057,0.0742
Sons of Anarchy,4Nf1LLiiS3BdlflGcQjGzO,0.287,0.377,10.0,-10.903,1.0,0.0276,0.00215,0.326,0.12,93.957,0.794
Sons of Anarchy,63ZDe7dHSZZB88TSlrhJhY,0.432,0.418,2.0,-7.803,1.0,0.0387,0.000825,0.111,0.352,179.986,0.161
Sons of Anarchy,2RCzxKkwaWDP7ckkDz93tG,0.704,0.609,10.0,-4.889,1.0,0.0327,0.0,0.107,0.332,134.933,0.541
Sons of Anarchy,0N1nnYhdOJK83VyjrslHPY,0.307,0.354,7.0,-11.174,1.0,0.0285,2.18e-05,0.116,0.334,152.674,0.124
Sons of Anarchy,52Xja4luAi0O9yJ1RQeaqe,0.691,0.606,10.0,-4.887,1.0,0.0331,0.0,0.0982,0.342,134.919,0.548
Sons of Anarchy,6GjyLgrVLakEMuMS0WsGsO,0.685,0.236,0.0,-10.342,1.0,0.0325,0.0,0.103,0.409,112.225,0.772
Sons of Anarchy,4PnqREjopkWKljgPjMaUCK,0.558,0.858,7.0,-3.905,1.0,0.0316,0.0,0.21,0.495,118.08,0.00862
Sons of Anarchy,4cylbXkA2rN7b5pvT5ytRm,0.593,0.447,11.0,-5.731,1.0,0.024,0.00233,0.105,0.378,92.62,0.842
Sons of Anarchy,1mtf05BdMMzAtSOPPujc6l,0.643,0.53,2.0,-4.902,1.0,0.028,0.00084,0.173,0.677,134.472,0.644
Sons of Anarchy,6lWmVwUiKye47T4sYkqSmS,0.702,0.459,4.0,-5.464,1.0,0.0392,5.03e-05,0.34,0.472,120.428,0.428
Sons of Anarchy,3jl0dvhhS6jifunAhJftLm,0.482,0.496,0.0,-9.487,1.0,0.0268,0.00964,0.0861,0.292,110.685,0.651
Sons of Anarchy,6T2cgd3Js8eaTsPKSFJ85W,0.533,0.699,11.0,-8.093,0.0,0.049,0.000141,0.194,0.653,136.993,0.0294
Sons of Anarchy,4bsND9IuJz18UtFx2MwwO8,0.443,0.193,1.0,-10.479,1.0,0.0276,0.0,0.0855,0.599,74.505,0.835
Sons of Anarchy,2omaTHq3P65wdbtNoTWjHG,0.62,0.612,6.0,-8.975,1.0,0.0288,2.57e-06,0.0939,0.851,140.789,0.157
Sons of Anarchy,0vOVflloULzsIMelKuuhnk,0.521,0.336,7.0,-10.065,1.0,0.0286,0.0013,0.107,0.143,160.011,0.656
Sons of Anarchy,23PETAs0TJ3lLRzPtK52Sx,0.378,0.868,7.0,-6.129,1.0,0.0588,0.00242,0.0959,0.508,88.898,0.002
Sons of Anarchy,4Ofxx8K02MbqUjZm54mng5,0.334,0.402,0.0,-9.634,1.0,0.0275,3.44e-05,0.0766,0.244,96.793,0.409
Sons of Anarchy,1nPLSuV8pwYuAZmnUEpPJA,0.327,0.917,8.0,-5.736,1.0,0.0877,0.0,0.113,0.464,118.286,0.000852
Sons of Anarchy,7k9iCbFCVVePOoV6uV6foN,0.805,0.385,11.0,-16.592,1.0,0.0551,0.000618,0.0524,0.627,97.234,0.537
Sons of Anarchy,4Gx7Du3fliEscPwLsxaAzZ,0.42,0.578,5.0,-7.15,1.0,0.0302,4e-06,0.284,0.296,149.182,0.264
Sons of Anarchy,7h5Zv3gAdgC0fXM3xkDyH4,0.303,0.831,4.0,-9.288,0.0,0.0366,1.63e-05,0.361,0.754,142.067,0.00112
Sons of Anarchy,5nqk8EGrgmyDgCHHVcquSm,0.413,0.822,2.0,-5.881,1.0,0.0305,0.0258,0.0487,0.569,104.019,0.0166
Sons of Anarchy,7ARWbqj5xAH4NnSz8GA9iv,0.651,0.443,7.0,-9.808,1.0,0.0266,0.000317,0.0978,0.333,110.024,0.51
Sons of Anarchy,5Xs2fIlIU6JMtyu7lQZsDF,0.56,0.284,3.0,-9.982,1.0,0.033,0.012,0.127,0.366,103.538,0.555
Sons of Anarchy,2RKQRzqHwvRCpMpXlWoo3O,0.569,0.484,2.0,-6.735,1.0,0.0277,0.000124,0.116,0.339,144.032,0.609
Sons of Anarchy,0NzZebg2quiZ8sgpxkw7Mn,0.581,0.311,4.0,-13.02,1.0,0.0288,0.00374,0.107,0.154,111.346,0.26
Sons of Anarchy,4k2X5buZKLjxJv5GA86qQ5,0.623,0.174,10.0,-15.079,1.0,0.0298,0.00833,0.0915,0.121,116.037,0.708
Sons of Anarchy,1PfYGevge9V0MLirGt4lUi,0.432,0.714,0.0,-7.708,1.0,0.071,0.000515,0.166,0.295,80.644,0.0321
Sons of Anarchy,517qs51lTA3ooavlvgZvHO,0.174,0.953,5.0,-3.851,1.0,0.0677,4.61e-06,0.0961,0.669,200.757,0.00216
Sons of Anarchy,6NYGYqsSxa9PlTbwXZjmjU,0.186,0.691,4.0,-6.449,0.0,0.0443,0.00125,0.16,0.15,179.836,0.0304
Sons of Anarchy,7g8DFki0l6sIgf8IcGFu8P,0.398,0.868,2.0,-4.115,1.0,0.0387,2.68e-05,0.172,0.883,132.873,0.00319
Sons of Anarchy,43emGGI8wCid5krRpdIbrU,0.447,0.799,4.0,-9.109,1.0,0.033,0.0,0.126,0.728,92.034,0.0315
Sons of Anarchy,30gN84YoosjBcDFv65ogOc,0.57,0.226,0.0,-16.956,1.0,0.0296,0.00346,0.112,0.057,146.765,0.82
Sons of Anarchy,5uzrmHGvMYcDfuQ95buWKx,0.576,0.599,9.0,-10.505,1.0,0.0324,0.00192,0.113,0.278,66.982,0.184
Sons of Anarchy,1ZNBs3K7tIWmBPWbLEisY4,0.532,0.199,5.0,-15.053,1.0,0.0317,0.0377,0.114,0.202,148.125,0.943
Sons of Anarchy,3aGhMtKfg9IrhhbpnbBLIB,0.624,0.384,5.0,-9.701,1.0,0.0293,0.00136,0.0832,0.349,79.966,0.772
Sons of Anarchy,3hzUkPd2U3uoLcrKEnLdsq,0.328,0.895,7.0,-3.947,1.0,0.0475,0.0,0.259,0.601,99.682,0.0251
Sons of Anarchy,1dI9r6vMc6K6OAKt4GTt1i,0.502,0.948,8.0,-1.786,1.0,0.0446,0.0131,0.306,0.565,129.228,0.00372
Sons of Anarchy,6uSqmuAAKsxJeFkojmxfy5,0.509,0.0988,7.0,-13.351,1.0,0.043,0.0,0.118,0.325,114.616,0.869
Sons of Anarchy,2NTDt9Fiqp5wTBM6cLO6Bu,0.515,0.752,9.0,-1.853,0.0,0.0336,2.5e-06,0.129,0.503,83.541,0.00207
Sons of Anarchy,0wnSLqh5zy8qJUryZTTdpJ,0.422,0.299,6.0,-13.044,1.0,0.042,8.55e-06,0.0911,0.0934,104.221,0.237
Sons of Anarchy,5lk4HTcRznHJQc3KzaSSAy,0.441,0.492,9.0,-7.815,1.0,0.0256,1.24e-05,0.13,0.256,88.181,0.105
Sons of Anarchy,3OEnWaNQcrZzIRbLMNatdS,0.598,0.448,2.0,-6.33,1.0,0.0251,3.55e-05,0.155,0.352,100.034,0.0542
Sons of Anarchy,4iu49FeQQGiUh2Dn1A8qCl,0.445,0.966,2.0,-3.751,1.0,0.054,0.000915,0.164,0.321,109.482,0.0149
Sons of Anarchy,7aIpoGeKCuw3Xeckv2vtD2,0.68,0.885,1.0,-4.815,1.0,0.0586,2.13e-05,0.111,0.706,121.091,0.267
Sons of Anarchy,2S9oCWK0BCiaIrwWZLXtkx,0.55,0.92,0.0,-4.743,1.0,0.0613,7.84e-05,0.173,0.27,124.954,0.00524
Sons of Anarchy,6n2tWWObNYaPn00JqTADfE,0.48,0.141,9.0,-11.455,0.0,0.0546,0.00482,0.0604,0.155,119.531,0.986
Sons of Anarchy,6MVMin3wrNjPrKFHrBSAWv,0.605,0.357,6.0,-11.082,1.0,0.0361,0.0,0.121,0.232,82.06,0.00719
Sons of Anarchy,56rUzR9HJ0SlIoG7zvPD7n,0.266,0.859,8.0,-6.112,1.0,0.091,0.00693,0.359,0.345,122.638,0.0325
Sons of Anarchy,6tkAB9jzp59dBk40dJ8upy,0.569,0.949,5.0,-2.983,0.0,0.0574,1.51e-05,0.199,0.939,105.049,6.45e-05
Sons of Anarchy,5sgOo6mtpzujBfsRCntyfa,0.547,0.61,7.0,-6.072,1.0,0.0317,3.85e-05,0.0945,0.343,109.199,0.541
Sons of Anarchy,5LTcgYZCXyBcHyHzeP7mu1,0.622,0.789,0.0,-5.495,1.0,0.027,5.12e-06,0.121,0.539,85.662,0.128
Sons of Anarchy,2tgqj0zCEVX369Wv71pHOw,0.292,0.936,5.0,-2.385,0.0,0.0605,0.0,0.305,0.37,105.706,2.66e-05
Sons of Anarchy,6JoGFDa3oj97JfrQ1n3Gsy,0.584,0.305,7.0,-10.44,1.0,0.0293,8.31e-05,0.346,0.219,126.054,0.901
Sons of Anarchy,5VPnyduZVCDOtzvleKllp4,0.847,0.866,9.0,-6.211,1.0,0.0523,1.86e-06,0.0339,0.78,91.004,0.00166
Sons of Anarchy,6LbOC2J8ojSTwE6qIS4Eyh,0.453,0.788,9.0,-9.23,0.0,0.0341,0.000121,0.131,0.55,78.504,0.00438
Sons of Anarchy,40VXxspm5DJYXq9qvwI1IF,0.654,0.223,7.0,-12.697,1.0,0.0364,0.000113,0.106,0.524,77.928,0.912
Sons of Anarchy,1bspR448nn8eGaa8IgfyKT,0.624,0.85,0.0,-8.305,1.0,0.054,0.00892,0.0618,0.792,115.862,0.00598
Sons of Anarchy,6wgphBnJiAkBCDll1Ws8jO,0.45,0.73,7.0,-4.403,1.0,0.0288,0.0,0.101,0.599,148.338,0.00069
Sons of Anarchy,24qEzwntAzZlSVtmkIfpxZ,0.519,0.447,2.0,-7.776,1.0,0.0284,2.19e-06,0.13,0.44,88.048,0.0328
Sons of Anarchy,3d5Cnswx1dxmjUbn1Dp3JQ,0.207,0.961,2.0,-3.913,1.0,0.0919,0.000104,0.335,0.118,173.971,0.132
Sons of Anarchy,4E72upoFQsx4X1PktSXVt8,0.626,0.481,9.0,-8.229,0.0,0.0277,5.35e-05,0.0871,0.727,90.37,0.737
Sons of Anarchy,1TSCUaX1XkklmuxpuPUxyR,0.322,0.261,2.0,-8.51,1.0,0.0338,1.04e-05,0.103,0.178,156.609,0.813
Sons of Anarchy,62XHSV9G6veYMIc04oxXx0,0.43,0.373,7.0,-9.454,0.0,0.0301,5.94e-05,0.114,0.405,89.424,0.61
Sons of Anarchy,0IU9AtKmkxP7B3RjczhSkw,0.394,0.959,8.0,-2.914,1.0,0.0462,0.0296,0.376,0.549,145.551,0.141
Sons of Anarchy,4NzaTVbancPG3tywAwrsV0,0.398,0.757,10.0,-3.96,0.0,0.0478,1.16e-06,0.044,0.423,114.952,0.000194
Sons of Anarchy,0Bolri3Ds27f9AC9ruYpRR,0.464,0.296,5.0,-14.932,1.0,0.0298,0.00569,0.091,0.396,160.509,0.668
Sons of Anarchy,5QPGktDCNj4cQQey3CARoq,0.74,0.583,5.0,-5.998,1.0,0.0393,0.0,0.112,0.509,93.536,0.194
Sons of Anarchy,4DuC9BznEnlwTwHQhWLzNt,0.396,0.627,4.0,-8.742,0.0,0.0453,0.000606,0.285,0.523,125.76,0.616
Sons of Anarchy,5x7CbzFVYsk0OTb8abztU3,0.572,0.684,1.0,-5.107,0.0,0.0463,0.000689,0.221,0.485,130.019,0.395
Sons of Anarchy,12idRvUav8KKGWNcOU611K,0.585,0.939,7.0,-2.369,1.0,0.0515,1.07e-05,0.0998,0.498,130.056,0.0204
Sons of Anarchy,4e9sel7C2frfDiaP6p7LFk,0.609,0.0949,7.0,-14.994,1.0,0.0292,0.00215,0.0914,0.225,137.845,0.87
Sons of Anarchy,5i2XnTuiPb2pW8bRJhbkyl,0.608,0.415,5.0,-8.977,1.0,0.0294,0.0455,0.113,0.305,117.152,0.273
Sons of Anarchy,5IYv81So7hWhsC3hLQAYsq,0.498,0.346,7.0,-8.29,1.0,0.0294,0.0,0.145,0.283,79.9,0.782
Sons of Anarchy,2qovcoo9Eb5z4k9vqr5qk5,0.437,0.662,7.0,-5.612,0.0,0.0304,0.000902,0.105,0.255,186.662,0.621
Sons of Anarchy,27H7e6q5aIU65jBV2WiyR4,0.806,0.725,10.0,-6.108,0.0,0.0443,0.00812,0.0366,0.606,97.986,0.00544
Sons of Anarchy,1Eajjnxn7T66L0vZcupQVe,0.618,0.378,7.0,-10.297,1.0,0.0308,0.0,0.0907,0.398,110.118,0.864
Sons of Anarchy,6ynL15QDwFQB8RHxpJ9alq,0.447,0.804,7.0,-5.858,1.0,0.0307,0.000735,0.0855,0.695,171.941,0.00982
Sons of Anarchy,2j9SiDWXChOLprv8aBIRjf,0.429,0.124,1.0,-12.791,1.0,0.0424,4.45e-05,0.0737,0.165,85.527,0.958
Sons of Anarchy,6TvrHaPxYQoKXevbSKboA1,0.447,0.95,2.0,-3.748,1.0,0.0349,0.000572,0.311,0.598,121.384,0.0472
Sons of Anarchy,3Bg0eJmu30sveiQxFDlgOF,0.627,0.921,9.0,-5.349,1.0,0.0563,3.27e-06,0.116,0.57,80.489,0.00555
Sons of Anarchy,6sCfLZGURzYIU8fKwWBeUt,0.749,0.61,4.0,-5.76,0.0,0.0384,8.64e-05,0.145,0.8,136.022,0.29
Sons of Anarchy,0kmXhvDc3MP4uzV7p8kjwe,0.526,0.851,0.0,-7.601,1.0,0.0413,5.66e-05,0.225,0.686,82.489,0.379
Sons of Anarchy,0lw854CjJUJEiPOY5OW6w4,0.596,0.551,2.0,-6.18,0.0,0.0276,2.74e-06,0.259,0.46,100.021,0.316
Sons of Anarchy,3gZA4vRGAv0yvwhyuRrFdl,0.575,0.577,3.0,-8.682,1.0,0.0276,8.73e-06,0.0928,0.593,118.104,0.191
Sons of Anarchy,5K0I4Sep3WngDjQXDhc8eq,0.646,0.221,2.0,-15.676,1.0,0.0325,0.000291,0.193,0.401,116.277,0.86
Sons of Anarchy,5SHt7kW0Pv5Y6havp45Ac2,0.384,0.198,0.0,-8.256,1.0,0.0324,0.0,0.146,0.119,123.734,0.164
Sons of Anarchy,2b6gWZkjaztA8lAwOy66N4,0.433,0.21,0.0,-8.226,1.0,0.0313,0.0,0.109,0.14,127.166,0.156
Sons of Anarchy,4fY3WBYQOBUu5jVhvwcdeZ,0.647,0.819,9.0,-3.672,0.0,0.038,0.00056,0.188,0.712,123.042,0.33
Sons of Anarchy,6BFY7cvRtpA8gWPLhcYQNc,0.449,0.656,4.0,-5.871,1.0,0.04,2.76e-06,0.153,0.496,111.928,0.125
Sons of Anarchy,7IpCM0yA93ZQguoYri2tCq,0.36,0.579,0.0,-6.938,1.0,0.0285,0.00353,0.094,0.212,179.968,0.115
Sons of Anarchy,76o1OKnYwarhColk6NQZYX,0.539,0.674,7.0,-6.838,1.0,0.0268,0.0235,0.11,0.766,139.075,0.0468
Sons of Anarchy,3ZeKGZpadPRuk7LCfwMMhL,0.585,0.621,4.0,-2.423,1.0,0.0332,1.54e-05,0.346,0.47,80.991,0.149
Sons of Anarchy,4Q12mdxLnY6cuwmhTp0qcl,0.645,0.322,7.0,-6.886,1.0,0.0256,0.0,0.102,0.158,110.925,0.43
Sons of Anarchy,4l1BFp4HpC4vbBMShF6oqc,0.32,0.518,7.0,-3.923,0.0,0.0351,1.02e-05,0.108,0.296,112.989,0.0748
Sons of Anarchy,7rsFOccpB3lnpmkbLWcci3,0.434,0.73,5.0,-6.051,1.0,0.0317,5.25e-05,0.105,0.571,130.523,0.00143
Sons of Anarchy,2vsPBXRfMoTW06P5gnC0EJ,0.482,0.819,0.0,-4.211,1.0,0.0299,0.0,0.159,0.644,133.065,0.000191
Sons of Anarchy,6mu2DGpp59oJFMZAObbazL,0.74,0.796,5.0,-1.945,0.0,0.0431,6.64e-06,0.059,0.735,122.852,0.81
Sons of Anarchy,4jKBjyOdVKfmyauxwW8QUs,0.231,0.797,7.0,-4.699,1.0,0.0489,1.4e-06,0.255,0.336,153.514,0.129
Sons of Anarchy,4MIbOE63cN4XddXX3PVmj5,0.651,0.116,1.0,-12.345,0.0,0.0337,0.0,0.106,0.126,91.238,0.888
Sons of Anarchy,3D1DamtPbmNuIRJeuHWKax,0.291,0.76,5.0,-6.06,1.0,0.0342,0.00227,0.112,0.665,167.718,0.000334
Sons of Anarchy,5Gtn8HgCAo0TUiaKKgP6us,0.418,0.403,0.0,-10.53,1.0,0.0294,0.024,0.108,0.149,105.801,0.555
Sons of Anarchy,7p1DP3JWCZuUPrdWTz0woF,0.576,0.795,0.0,-3.785,1.0,0.0242,1.72e-05,0.17,0.799,85.03,0.0673
Sons of Anarchy,5OZ9qiHhQq54GtARbGpwMh,0.362,0.278,7.0,-9.143,1.0,0.0407,0.0,0.0932,0.456,182.815,0.787
Sons of Anarchy,5V49oncr8povmw2fMrZssA,0.592,0.658,7.0,-6.599,1.0,0.0305,5.69e-05,0.157,0.815,120.158,0.00914
Sons of Anarchy,1OUgQVG3nKr482ZhFSJ1nd,0.254,0.885,1.0,-3.198,1.0,0.0483,0.0,0.0962,0.51,122.249,0.00162
Sons of Anarchy,0z4w3YfT6UtwEjF8E5xn6q,0.542,0.582,3.0,-5.431,1.0,0.0278,0.000103,0.085,0.425,112.076,0.0275
Sons of Anarchy,5JTlopKXP49RNBWactTvpF,0.683,0.658,5.0,-9.295,0.0,0.03,0.0,0.338,0.639,122.451,0.531
Sons of Anarchy,35Y90I0yjxEeMuozzgMkhK,0.423,0.486,7.0,-7.851,0.0,0.0249,0.00557,0.114,0.29,72.491,0.00525
Sons of Anarchy,3MU42KnUja8dqxUgMQWfjE,0.609,0.187,5.0,-10.875,1.0,0.0331,0.00678,0.0955,0.142,106.017,0.0994
Sons of Anarchy,4niIprmk6prHp7msZBkzSK,0.46,0.826,2.0,-4.367,1.0,0.0554,0.000102,0.211,0.597,166.062,0.0875
Sons of Anarchy,5bPTkwvCK9W9NMuMSLwHkY,0.555,0.853,7.0,-9.422,1.0,0.0885,0.0,0.0427,0.469,109.377,0.0214
Sons of Anarchy,5cNvmC1jEnA6QwnOvHpUo7,0.473,0.461,9.0,-10.643,0.0,0.026,1.44e-06,0.118,0.408,102.116,0.381
Sons of Anarchy,3MnXp8H4mtNtxTmb1OLPXc,0.347,0.349,11.0,-9.42,0.0,0.0327,0.00667,0.089,0.268,143.131,0.405
Sons of Anarchy,7B7MHo2Jq5tMYgu9TYsrtk,0.365,0.413,11.0,-8.736,1.0,0.0395,1.41e-05,0.106,0.171,110.323,0.0391
Sons of Anarchy,4QonqtIIj6KF0NhzoDGYBk,0.428,0.5,3.0,-6.58,1.0,0.0244,0.00962,0.106,0.166,88.035,0.519
Sons of Anarchy,6ItTqKgaoq9Tl5EnQxCudT,0.827,0.684,1.0,-6.131,0.0,0.0362,2.1e-06,0.128,0.433,116.682,0.0233
Sons of Anarchy,5AmncXmkFYqlnMi7ds4trO,0.868,0.775,1.0,-3.724,1.0,0.0445,0.0,0.125,0.502,99.032,0.0182
Sons of Anarchy,0OKe6SzYe9AXuqYCc2SxwR,0.213,0.511,3.0,-6.236,1.0,0.0298,0.00162,0.0874,0.486,169.786,0.749
Sons of Anarchy,1PlgZAWgT8D9pgFDHYZRzI,0.39,0.407,9.0,-9.737,1.0,0.0284,0.00632,0.129,0.681,95.75,0.00317
Sons of Anarchy,5RafeugrHfQBPBNq8ZqLAH,0.849,0.331,8.0,-12.72,0.0,0.0613,0.000917,0.0932,0.691,128.795,0.193
Sons of Anarchy,7iPri9WLfgdQrwV2syS0B7,0.446,0.776,9.0,-5.663,1.0,0.0331,0.0,0.235,0.673,81.694,0.0406
Sons of Anarchy,6j6hszv1YP8JJVQ9SAfwCK,0.673,0.513,5.0,-10.985,1.0,0.0443,5.29e-05,0.0862,0.543,78.994,0.145
Sons of Anarchy,22pu9CJCuOryPpDw7Tftq4,0.546,0.386,2.0,-6.89,1.0,0.0247,0.0,0.191,0.191,92.285,0.604
Sons of Anarchy,0CzfRFgFqhDMNQjUm6mFPH,0.36,0.188,5.0,-13.501,1.0,0.0366,0.0,0.11,0.171,101.722,0.893
Sons of Anarchy,68OQFEJGzyk1Kbac4thyxX,0.673,0.58,2.0,-10.105,0.0,0.025,0.000145,0.345,0.669,96.038,0.284
Sons of Anarchy,38V8YhIKOeBY89zXfVIG04,0.548,0.694,7.0,-13.031,1.0,0.0439,4.15e-05,0.273,0.777,115.854,0.00217
Sons of Anarchy,6ifZ67n6qnK71eE7u33HVK,0.487,0.303,2.0,-11.956,0.0,0.0435,5.45e-06,0.0985,0.314,134.718,0.776
Sons of Anarchy,1qpZMX2fEL1EVcL3FelQuQ,0.434,0.295,1.0,-11.801,1.0,0.0281,0.00102,0.11,0.279,98.26,0.914
Sons of Anarchy,4PEyunKBoc1WfJpDgjgeCy,0.616,0.712,7.0,-5.205,1.0,0.0293,9.78e-05,0.107,0.646,97.515,0.126
Sons of Anarchy,3nJgKJzurugUw1RgcAwxMW,0.522,0.53,4.0,-10.704,0.0,0.0619,0.0,0.178,0.573,98.358,0.856
Sons of Anarchy,4ZR61kDnbllxU5MUHVa3xY,0.472,0.571,7.0,-7.36,1.0,0.0261,6.5e-06,0.241,0.534,77.9,0.426
Sons of Anarchy,4T30VrSt4F1OFhDPh4KG68,0.663,0.585,0.0,-7.177,0.0,0.028,0.00206,0.144,0.73,78.983,0.162
Sons of Anarchy,1eG0wfz7W1untTCvsKHypC,0.584,0.415,0.0,-6.505,1.0,0.0367,0.0,0.116,0.377,149.641,0.885
Sons of Anarchy,38tpQmzCJ1jJMd8I365Sau,0.639,0.36,2.0,-9.387,1.0,0.0264,3.06e-05,0.259,0.309,106.012,0.555
Sons of Anarchy,1xhMCW9DLXbwrDgDo4ZyDG,0.484,0.791,7.0,-6.283,0.0,0.0431,0.0142,0.07,0.481,128.195,0.0238
Sons of Anarchy,6NdJ3apG9jE5BM6mSF4R9E,0.659,0.577,7.0,-6.869,1.0,0.0454,0.00785,0.257,0.269,155.933,0.488
Sons of Anarchy,40Ddsb4ME3ecR7C9y1uiJY,0.403,0.324,7.0,-12.005,1.0,0.0314,0.0,0.105,0.164,131.487,0.866
Sons of Anarchy,7zll6tAilk34ExipzI6DfI,0.561,0.555,0.0,-9.822,1.0,0.028,0.000657,0.103,0.61,90.903,0.577
Sons of Anarchy,7KlccaobHMhk7bDxBlde2M,0.493,0.311,0.0,-7.984,1.0,0.0285,0.0011,0.277,0.596,93.953,0.863
Sons of Anarchy,31wXZzZmvimFBv5XIyzwJs,0.605,0.487,6.0,-8.432,1.0,0.0283,4.98e-06,0.117,0.519,136.083,0.195
Sons of Anarchy,2p6iOK0PAAZvsnQhk9IlEM,0.343,0.834,1.0,-3.875,0.0,0.041,0.0458,0.104,0.298,146.579,0.00702
Sons of Anarchy,1o22EcqsCANhwYdaNOSdwS,0.702,0.607,2.0,-6.509,1.0,0.0405,0.0271,0.123,0.436,116.969,0.364
Sons of Anarchy,5GqAcLQwZRlDG03ed2Q6bD,0.5,0.58,1.0,-7.174,1.0,0.0308,0.00126,0.103,0.353,126.697,0.178
Sons of Anarchy,6QnbRX6a0ySdZ1mWilPF8E,0.344,0.937,11.0,-3.629,1.0,0.0913,0.0209,0.111,0.51,167.696,0.00333
Sons of Anarchy,65cHkPbQatudMFP7sTk3Qb,0.516,0.768,6.0,-9.451,1.0,0.05,0.00154,0.0976,0.543,159.701,0.136
Sons of Anarchy,37zPDZLuL3dgmI4hb6Yix0,0.338,0.56,10.0,-7.052,1.0,0.0298,2.98e-06,0.108,0.576,82.966,0.204
Sons of Anarchy,2PdxbK3d0ZS58dD8jRqR6L,0.569,0.905,7.0,-5.424,1.0,0.0563,0.000582,0.182,0.848,128.034,0.000117
Sons of Anarchy,0ZbakS1nysHR00t1ANoWJd,0.45,0.662,3.0,-3.494,1.0,0.036,0.000191,0.102,0.601,124.578,0.00225
Sons of Anarchy,5lBAVg54HV6BpimzrNNEYI,0.515,0.34,1.0,-11.833,1.0,0.0507,0.0031,0.0974,0.227,132.262,0.629
Sons of Anarchy,2DKA4xFsj2ziSBEeAv2iMk,0.55,0.574,9.0,-6.498,1.0,0.0292,0.0,0.126,0.435,80.04,0.567
Sons of Anarchy,1RJzsp5SDfvmEYk4D21XqQ,0.539,0.477,1.0,-9.74,1.0,0.0325,0.000641,0.117,0.224,138.074,0.211
Sons of Anarchy,0PjaBIOazHqsyoTjAI4kl6,0.457,0.185,4.0,-13.481,0.0,0.0556,2.06e-05,0.108,0.183,140.237,0.697
Sons of Anarchy,40WDasWdS0JcFbkBF1YbUt,0.637,0.265,5.0,-11.21,1.0,0.0297,0.00563,0.119,0.4,113.982,0.501
Sons of Anarchy,2CtbVjm0GxFJ0gYfEVJNwE,0.463,0.835,9.0,-6.232,1.0,0.0379,0.000283,0.0995,0.421,136.016,0.00025
Sons of Anarchy,3bsYUg7jmXJq10vDEJTrRU,0.614,0.933,2.0,-2.933,1.0,0.0916,3.72e-05,0.208,0.76,137.98,0.0119
Sons of Anarchy,30VLFEvsIh4AqbOIdaJ8Wy,0.453,0.333,0.0,-10.296,1.0,0.0319,0.0,0.147,0.465,145.863,0.602
Sons of Anarchy,6NJKEs6tGYtnCMbWjF25aZ,0.531,0.673,8.0,-5.144,1.0,0.0345,2.11e-06,0.113,0.341,123.01,0.467
Sons of Anarchy,15oXQbgrlWf9vOV1OBwJwx,0.553,0.318,4.0,-9.103,1.0,0.0242,0.00385,0.11,0.209,99.962,0.754
Sons of Anarchy,18lZDzgg3HetL1FmmcED1j,0.561,0.425,11.0,-10.61,0.0,0.0263,4.28e-05,0.0938,0.415,81.945,0.575
Sons of Anarchy,6ucZ8lgPbheaRRM0S9NtYa,0.527,0.717,4.0,-6.894,0.0,0.026,0.00121,0.11,0.347,95.968,0.0568
Sons of Anarchy,7EyZsmyf9sRv1AlEZepF7q,0.634,0.273,9.0,-11.583,0.0,0.026,0.0,0.0946,0.406,104.956,0.624
Sons of Anarchy,2pZY3Oq2dRarJRl1gN1uQC,0.626,0.27,8.0,-12.615,1.0,0.0318,5.01e-06,0.147,0.25,107.034,0.423
Sons of Anarchy,5puU24G3lHVsUXPAWW2ZpV,0.618,0.239,8.0,-8.371,0.0,0.0274,0.0,0.1,0.327,96.846,0.791
Sons of Anarchy,5T25KeFy1zgExVSPjZO63m,0.757,0.521,0.0,-10.879,1.0,0.0392,0.0179,0.109,0.674,93.111,0.445
Sons of Anarchy,2CtHCWOxvOL33wm2OyHOtj,0.362,0.149,0.0,-14.546,1.0,0.0402,7.84e-05,0.116,0.183,117.064,0.863
Sons of Anarchy,16xE6fbCIKZ2oWUWYCiK29,0.51,0.953,11.0,-2.681,1.0,0.05,0.0,0.131,0.716,137.944,0.0642
Sons of Anarchy,4hCMXKHyjJnrJWkJkEI9tk,0.536,0.459,6.0,-9.41,1.0,0.0363,0.00168,0.177,0.314,137.909,0.225
Sons of Anarchy,2uDV5nV4BUUpx4Nyv8ED79,0.545,0.123,7.0,-14.175,1.0,0.029,0.000329,0.0924,0.0787,83.87,0.933
Sons of Anarchy,68eeHVg1x99y5PzBk2j7GD,0.387,0.457,7.0,-7.929,1.0,0.0332,0.000468,0.121,0.113,135.521,0.108
Sons of Anarchy,2UTqmAQ0Pp5k5zsoZQFZCc,0.51,0.738,9.0,-5.488,1.0,0.0279,2.43e-05,0.119,0.514,85.979,0.000326
Sons of Anarchy,2kZiwyg5v4IeJyvar0c0NB,0.58,0.952,2.0,-6.282,1.0,0.0521,3.66e-05,0.327,0.805,159.926,0.00368
Sons of Anarchy,0J7HfxHSUNuEn4n3GCWIMJ,0.501,0.393,6.0,-10.542,1.0,0.0295,0.00711,0.118,0.272,159.965,0.678
Sons of Anarchy,46p822GJLptI5bOxepyxbB,0.754,0.693,4.0,-8.047,0.0,0.0531,0.00376,0.113,0.366,128.967,0.468
Sons of Anarchy,69zEJVV0aMpqvfoKsIdxEr,0.497,0.858,0.0,-5.111,1.0,0.0834,0.00499,0.0903,0.303,169.946,0.0865
Sons of Anarchy,5T0GQLvLhlJHvKspF0WgSm,0.675,0.756,9.0,-4.364,0.0,0.0339,0.0,0.0854,0.745,121.995,0.0945
Sons of Anarchy,4WSftCCRy2rZE9ZgapHAJJ,0.598,0.907,4.0,-6.554,1.0,0.0368,0.000149,0.236,0.783,103.29,0.348
Sons of Anarchy,2FkEkzcvtCrqNatNEQvIRD,0.54,0.552,0.0,-8.347,1.0,0.0254,0.000174,0.147,0.0762,116.103,0.055
Sons of Anarchy,5IM97TxAUv0zoHS5Yk9g6i,0.676,0.251,2.0,-12.841,1.0,0.0259,0.000243,0.105,0.508,81.496,0.602
Sons of Anarchy,7sU22cJJXouy512gB2ZvAb,0.4,0.123,5.0,-11.633,1.0,0.0278,0.0,0.148,0.429,65.794,0.668
Sons of Anarchy,040PXPItk5W2DwhKMSsuIu,0.537,0.872,5.0,-5.061,1.0,0.0518,0.00164,0.111,0.961,202.247,0.0218
Sons of Anarchy,6r48dVduQXqak0KbFd4wdg,0.242,0.678,9.0,-5.921,1.0,0.0299,0.0126,0.122,0.196,105.028,0.0089
Sons of Anarchy,1EyCQi9kQF1RPkIlu7lByg,0.599,0.347,10.0,-8.378,1.0,0.0271,3.23e-05,0.0875,0.308,71.989,0.45
Sons of Anarchy,3XEWg2uetUQHPkPzTbokrg,0.695,0.221,8.0,-11.931,0.0,0.0301,0.00252,0.0999,0.0795,98.252,0.863
Sons of Anarchy,4L8VpjbxaraXculCgQ9tdU,0.867,0.699,2.0,-3.985,1.0,0.0399,1.23e-06,0.216,0.965,113.986,0.332
Sons of Anarchy,7xSOPBhpzqy9ZAWClYDnht,0.417,0.798,0.0,-5.401,1.0,0.041,0.0,0.219,0.546,129.938,0.0106
Sons of Anarchy,3f2t6PA2CWsEohOSSt2J1W,0.612,0.603,0.0,-7.481,1.0,0.0257,0.0408,0.109,0.501,80.021,0.36
Sons of Anarchy,5wiMuYouas9kxeygwBBGfB,0.65,0.85,4.0,-7.142,0.0,0.0802,0.00304,0.345,0.815,118.778,0.0934
Sons of Anarchy,5RbQhaQ4Nau9vlGQtQeAes,0.343,0.374,11.0,-10.619,1.0,0.0312,3.33e-05,0.0896,0.51,179.711,0.486
Sons of Anarchy,5KijuKpH50ixiuzfOO7ODB,0.463,0.486,10.0,-9.781,1.0,0.0265,0.00144,0.0942,0.271,142.847,0.199
Sons of Anarchy,7trR8EFpBvnqUl76j1RzDJ,0.509,0.454,11.0,-9.848,1.0,0.0337,3.06e-05,0.126,0.333,84.331,0.889
Sons of Anarchy,68NJhOPlRuePfIV0SZX1km,0.532,0.8,1.0,-3.789,0.0,0.0264,0.000347,0.106,0.736,91.057,0.0817
Sons of Anarchy,3j8Kzp9FLca9HsLoneHGLi,0.275,0.306,7.0,-10.879,1.0,0.0357,0.00075,0.109,0.132,82.364,0.879
Sons of Anarchy,51ty1CmVYnn5CHoRtbYINS,0.648,0.789,7.0,-7.629,1.0,0.0255,0.000388,0.322,0.913,132.05,0.0015
Sons of Anarchy,0cXDSbbyBQK7Ae8Y0wKnyD,0.477,0.83,6.0,-6.204,1.0,0.0546,0.00167,0.366,0.624,155.054,0.71
Sons of Anarchy,6FGbv2o2tZslzkYXWi2268,0.468,0.104,11.0,-16.635,0.0,0.0345,0.0011,0.0807,0.0418,71.592,0.934
Sons of Anarchy,2GSFSTeDDRw9WXpc63T6up,0.531,0.118,9.0,-14.455,1.0,0.0444,0.0251,0.111,0.148,129.259,0.983
Sons of Anarchy,39J5RXFJG6MCjHql3a0Hat,0.515,0.854,9.0,-7.319,0.0,0.0382,1.36e-06,0.345,0.828,94.338,0.0071
Sons of Anarchy,0AGsEhnOTwcOS3rNRbD8aO,0.529,0.445,5.0,-7.156,1.0,0.0275,0.032,0.106,0.179,124.166,0.67
Vikings,1we2UifyzGe2tgvTVFTwD4,0.416,0.226,4.0,-16.066,1.0,0.0288,0.696,0.109,0.146,170.103,0.756
Vikings,3JosKONEoCuQd1nUlKYeO7,0.138,0.191,0.0,-25.277,1.0,0.0389,0.846,0.0962,0.053,142.122,0.865
Vikings,5te64W0y3c0ZIVR0UMiwYT,0.176,0.0178,4.0,-35.333,0.0,0.0417,0.982,0.136,0.0381,76.172,0.799
Vikings,05ztO5zNCLATon3gWWg6rJ,0.0974,0.0401,4.0,-28.675,0.0,0.0343,0.902,0.07,0.0546,68.823,0.862
Vikings,2AeAAJLlHFlNGfFmFXoJ9c,0.301,0.0142,9.0,-37.718,1.0,0.052,0.889,0.108,0.137,140.009,0.953
Vikings,7IGpb976DFZ3cHoDv7EGS4,0.19,0.00776,5.0,-39.867,1.0,0.0383,0.882,0.112,0.0687,70.349,0.933
Vikings,5WrD3CKBqjpkz8ngxNEaF2,0.25,0.0381,7.0,-32.712,0.0,0.0373,0.955,0.0951,0.0433,118.586,0.948
Vikings,5dqkWcU5tTlkkWrOl5ExUz,0.318,0.0237,2.0,-31.73,1.0,0.0377,0.884,0.112,0.046,120.075,0.907
Vikings,2m9S2yZlwMGk7UOTpT1L7K,0.639,0.0996,7.0,-31.57,1.0,0.0439,0.919,0.0729,0.19,122.033,0.809
Vikings,20FSiMoMoqjqUEICYrIayO,0.217,0.264,4.0,-16.23,0.0,0.0452,0.811,0.109,0.0345,118.344,0.813
Vikings,2sjdQ49qesb7dK7atnaGOy,0.206,0.065,7.0,-25.546,1.0,0.0407,0.925,0.0814,0.0396,119.962,0.506
Vikings,2Eq97bBBjO69pPrImrksOi,0.195,0.03,5.0,-30.907,1.0,0.0477,0.972,0.0887,0.0327,65.418,0.973
Vikings,1VEuGt76pWrzR1RYMJtcCM,0.547,0.584,4.0,-20.325,0.0,0.0616,0.851,0.111,0.0331,94.075,0.721
Vikings,3ibDLCP1dhzSIIx3LDeilm,0.227,0.173,6.0,-21.189,1.0,0.0435,0.908,0.0749,0.0343,66.1,0.963
Vikings,4TlTfxBpAAsnHSdKJQtqAZ,0.295,0.154,2.0,-20.852,1.0,0.0361,0.855,0.0912,0.0393,179.96,0.583
Vikings,5OGeSNCcBhFuflw2u4R2jr,0.0994,0.0328,2.0,-32.834,0.0,0.0454,0.956,0.0975,0.0295,63.241,0.944
Vikings,62RBQmwXF6gryLUvsHscN5,0.14,0.139,9.0,-30.73,0.0,0.0493,0.899,0.0883,0.0329,67.087,0.941
Vikings,3oeeALeaVWdYb7ZYBLau1F,0.117,0.0156,7.0,-35.613,1.0,0.0395,0.937,0.0749,0.0329,87.766,0.822
Vikings,263Dz0OW3JdSMXi6KKTa7Q,0.164,0.018,2.0,-33.582,1.0,0.0468,0.981,0.0911,0.0352,140.313,0.92
Vikings,4d1J2nBnD9EQa4nz9KWEjY,0.0617,0.11,1.0,-29.189,1.0,0.0522,0.948,0.0919,0.0387,64.635,0.868
Vikings,0tg3vIohCYYngs9a6MWciR,0.245,0.189,7.0,-22.513,1.0,0.0341,0.944,0.111,0.0951,67.149,0.526
Vikings,3pBZxni2sXHhsEwDmWWlK8,0.148,0.287,8.0,-16.879,1.0,0.0339,0.834,0.128,0.103,80.781,0.0114
Vikings,6n6MrrJkllDkZrUmPcZTSn,0.506,0.0262,2.0,-21.913,1.0,0.0307,0.859,0.111,0.0329,79.01,0.808
Vikings,3YdvEcGGWiFPuuFb3jFF3k,0.246,0.0663,11.0,-28.71,1.0,0.0341,0.927,0.099,0.0342,157.891,0.964
Vikings,3WcqGVlwRrs6mKTpxpCUMT,0.167,0.051,2.0,-30.148,1.0,0.0388,0.953,0.111,0.038,144.051,0.976
Vikings,4hqaxna0a0Zoplk9fVYZ0b,0.071,0.153,10.0,-27.305,1.0,0.0443,0.849,0.112,0.0369,78.079,0.958
Vikings,1bTN9VTnmJTVQEhpm9Jgm7,0.17,0.0163,9.0,-34.13,0.0,0.033,0.927,0.119,0.0369,73.144,0.989
Vikings,0NajgS0O02mYrBViKGwSOC,0.0653,0.154,9.0,-21.589,1.0,0.0354,0.948,0.129,0.0382,70.058,0.636
Vikings,7cpGX27vJSrmpMmibCWBY6,0.535,0.639,2.0,-12.504,1.0,0.0487,0.848,0.112,0.0609,129.996,0.0465
Vikings,44RHbZnuSE02ThBUM11AcR,0.498,0.427,2.0,-19.107,1.0,0.047,0.893,0.112,0.078,99.918,0.795
Vikings,3fIjoSa0JVJt72Cfz5ZFK4,0.275,0.0615,1.0,-24.546,1.0,0.0379,0.928,0.0862,0.0356,65.598,0.904
Vikings,63qMOQTUVOQFeU8fQnE3HC,0.216,0.11,6.0,-24.066,0.0,0.0411,0.924,0.104,0.0329,86.902,0.473
Vikings,6F1x0zldHMudETYjufleSP,0.16,0.155,5.0,-22.555,1.0,0.0333,0.842,0.111,0.0337,99.764,0.761
Vikings,3XixQtJAb2vFh08E0rsNwm,0.396,0.499,9.0,-13.994,1.0,0.0527,0.849,0.0528,0.0454,89.998,0.438
Vikings,1FrKb7wPoi03G2DBKAc7kR,0.379,0.508,4.0,-15.162,1.0,0.0348,0.859,0.0763,0.136,90.034,0.731
Vikings,5QlN7BOuhNlojIf605ta3o,0.157,0.0501,4.0,-28.701,0.0,0.0422,0.984,0.107,0.032,133.717,0.977
Vikings,62m3Pwt9VJaKBtXnwdp2dV,0.191,0.117,5.0,-23.686,1.0,0.0327,0.956,0.0962,0.0393,150.849,0.861
Vikings,4XJ8M0PI8mXmYUA5JabSKc,0.174,0.107,4.0,-25.508,1.0,0.0342,0.759,0.111,0.11,116.719,0.853
Vikings,3yVBH1Jr6wFaO5caQzl71b,0.13,0.0552,5.0,-22.081,1.0,0.0427,0.99,0.0884,0.0326,79.733,0.926
Vikings,7o0BkDX9mhPpJxp4UiVjfP,0.393,0.57,0.0,-12.632,0.0,0.0411,0.65,0.0992,0.18,84.017,0.0881
Vikings,4U9XLDBWFs5pGG0jHRzJM9,0.413,0.603,11.0,-11.955,0.0,0.0382,0.789,0.12,0.0931,138.017,0.0221
Vikings,2colf6i00GX813PGN5NMCV,0.203,0.173,9.0,-22.138,0.0,0.048,0.975,0.143,0.0329,69.631,0.981
Vikings,76j81CStEBfScSxkIxaF5A,0.183,0.0817,0.0,-25.648,0.0,0.0371,0.928,0.0779,0.221,123.388,0.812
Vikings,34NtuNvasrOiARwM8HSIuq,0.216,0.0782,0.0,-29.746,1.0,0.0382,0.871,0.111,0.0397,101.807,0.892
Vikings,4sBV6UHmQXtr3V3xjVwPJi,0.253,0.133,2.0,-23.68,1.0,0.0307,0.94,0.124,0.0358,78.655,0.647
Vikings,11kMxeRmF4tBKrhwIjkJGc,0.215,0.0265,0.0,-27.065,0.0,0.0377,0.979,0.133,0.0393,69.057,0.895
Vikings,1vESNLqkDf1OH9SM5lNwu7,0.563,0.591,10.0,-12.848,1.0,0.0377,0.823,0.113,0.201,93.975,0.638
Vikings,46zYN39zmtmxb2YEwm0DkH,0.396,0.43,4.0,-17.684,1.0,0.0457,0.787,0.105,0.143,105.985,0.562
Vikings,0HARLlpBiQj9YQ3ZNUffsG,0.115,0.169,5.0,-21.01,0.0,0.0425,0.828,0.101,0.052,71.02,0.843
Vikings,1ync0DC605IjuypLTAw8A2,0.203,0.168,2.0,-23.257,1.0,0.0402,0.886,0.13,0.0365,76.904,0.469
Vikings,2ZR5DlUZBb4Mx2B4UZldgY,0.0703,0.00291,1.0,-31.299,0.0,0.0409,0.928,0.0974,0.0287,177.531,0.896
Vikings,2N0poXfbcRj6lSqd9ZjXEG,0.22,0.268,1.0,-23.507,1.0,0.0558,0.887,0.111,0.0889,61.766,0.713
Vikings,7vSzGbTC6ZzoOhBrsEfGCO,0.514,0.79,10.0,-12.425,1.0,0.0612,0.819,0.133,0.112,115.029,0.0399
Vikings,6G4jiDYQa5MaWQJWJg2oPm,0.333,0.0391,2.0,-31.99,0.0,0.0397,0.958,0.116,0.0444,130.076,0.909
Vikings,0EW8HZ9ThpWoU2F1M8TZ8k,0.375,0.324,2.0,-17.303,1.0,0.0469,0.813,0.125,0.0757,116.022,0.499
Vikings,6EDSzJ7FG8fhGUI88hLscn,0.216,0.0198,4.0,-30.226,0.0,0.0511,0.931,0.0603,0.033,125.967,0.978
Vikings,1W0PFvTRNe24cT8ldLWA4q,0.573,0.597,4.0,-17.864,1.0,0.0414,0.718,0.166,0.101,130.035,0.035
Vikings,3Vct4N5WLM7GGP5O1LH86Z,0.382,0.195,2.0,-19.759,1.0,0.037,0.863,0.123,0.0332,95.966,0.0317
Vikings,6fUWZ2XyjtyRvaKv3QnJpt,0.47,0.0662,0.0,-24.183,0.0,0.0302,0.805,0.127,0.0374,102.481,0.489
Vikings,3nVc5ARjS5gpGOV34QkTlw,0.171,0.0129,1.0,-28.616,0.0,0.0398,0.974,0.108,0.0258,88.803,0.798
Vikings,5VenxhH7Ejj1CU9rzIRwN6,0.128,0.145,0.0,-23.962,1.0,0.0375,0.951,0.0712,0.0333,52.946,0.58
Vikings,270mCsqjCov3ORyUe6HTTl,0.152,0.0184,9.0,-36.244,0.0,0.0464,0.942,0.0946,0.0351,66.476,0.905
Vikings,6FLu7DmGBTIrvAmUXTvbz7,0.091,0.00637,5.0,-37.302,0.0,0.047,0.947,0.111,0.0376,82.955,0.457
Vikings,1srYxbKQZPvRFA6ek9rgm4,0.51,0.62,2.0,-13.582,1.0,0.0516,0.804,0.105,0.0716,116.008,0.0413
Vikings,2ZyFCyDpnQyi6xHMgNWOen,0.176,0.00772,1.0,-39.016,0.0,0.031,0.914,0.151,0.103,79.812,0.944
Vikings,554N5INigMQTCDzVhs2P0Y,0.506,0.215,10.0,-22.64,0.0,0.033,0.85,0.108,0.04,90.12,0.723
Vikings,7mcVVyI27eWc1rrxBpKyhl,0.0798,0.119,11.0,-27.111,1.0,0.0439,0.803,0.117,0.0369,69.294,0.882
Vikings,4ifhi6KntbqJaQUlGFULTC,0.388,0.326,4.0,-22.904,0.0,0.0462,0.783,0.122,0.0334,129.986,0.395
Vikings,3R86VBsspZXfTTe1XPgyss,0.149,0.18,0.0,-23.058,1.0,0.0431,0.907,0.111,0.0316,141.545,0.688
Vikings,2xgi7mpthnz6PNYhZDnSzy,0.134,0.201,7.0,-20.603,0.0,0.0334,0.809,0.179,0.0773,91.544,0.263
Vikings,78HABdywA9flb8KjXRZhjX,0.664,0.0306,9.0,-33.281,0.0,0.0285,0.954,0.0804,0.0369,100.024,0.968
Vikings,4w0ZLk5WfBmgv8jrXhmBpH,0.201,0.024,10.0,-35.949,1.0,0.0347,0.886,0.0841,0.0589,90.687,0.652
Vikings,5lwItu6PsR8rNYMJ9Rj0iw,0.091,0.00515,0.0,-39.934,1.0,0.0553,0.736,0.131,0.0306,71.135,0.76
Vikings,5zHPcazGgm0f1nCAEdejaG,0.231,0.168,1.0,-28.588,1.0,0.0414,0.931,0.113,0.0399,92.114,0.239
Vikings,2uHY5gd3Dba3RQCWlpihtf,0.259,0.484,2.0,-16.375,1.0,0.047,0.9,0.118,0.0371,94.033,0.101
Vikings,2xMRs2CDMaisKX43uxoehF,0.197,0.479,10.0,-19.323,0.0,0.0474,0.824,0.0917,0.122,103.863,0.0436
Vikings,7hM1RuN79QTcqL9jB0nmkV,0.111,0.0699,11.0,-25.094,1.0,0.0374,0.943,0.0661,0.0587,89.249,0.837
Vikings,5lZNun3sgfIsCrz15Lw5wS,0.171,0.204,7.0,-15.336,1.0,0.0351,0.937,0.151,0.0385,115.77,0.623
Vikings,0v0oZp6UtLygYYXGjlpd6H,0.171,0.33,2.0,-18.22,0.0,0.0451,0.924,0.122,0.0365,82.281,0.447
Vikings,6L3KOT8e0dyoRvcXsTqVkL,0.135,0.234,11.0,-15.721,1.0,0.0377,0.962,0.12,0.0358,77.609,0.819
Vikings,4ncMG3PHLDoAXysKpi6G0v,0.465,0.822,9.0,-14.615,1.0,0.0482,0.58,0.116,0.102,140.066,0.472
Vikings,7g0U3rtBMMVCD3a4aZM7hq,0.0916,0.0392,0.0,-29.743,1.0,0.0464,0.876,0.109,0.0363,70.002,0.952
Vikings,1aB9breq8dwbE97t9nP41x,0.228,0.446,5.0,-11.902,0.0,0.0431,0.598,0.101,0.0697,179.972,0.545
Vikings,7FnEYwZBhwez2Z73jGoAo7,0.153,0.0708,10.0,-29.56,1.0,0.0371,0.975,0.149,0.0352,71.673,0.878
Vikings,6zoSeOpFKssFQNap7Jdbjb,0.0912,0.209,0.0,-20.273,1.0,0.0402,0.971,0.104,0.0367,74.548,0.892
Vikings,2dkUdrAUanCZtrutvzP8rj,0.622,0.323,1.0,-22.666,0.0,0.0344,0.941,0.102,0.114,110.013,0.479
Vikings,2gEO4kBjDxAqhBsb0vKpHF,0.78,0.388,2.0,-14.008,1.0,0.0397,0.889,0.106,0.0981,120.004,0.0901
Vikings,6N6MqbwGqizcMme6BI8hlf,0.675,0.246,9.0,-16.801,0.0,0.0539,0.626,0.11,0.0339,107.981,0.494
Vikings,4iyQ6VaRnjLtUtgsVvOwsL,0.735,0.256,0.0,-13.968,1.0,0.0442,0.72,0.0915,0.0385,115.976,0.0295
Vikings,5BgnuYOnerVDqK9zLf7rlf,0.619,0.251,8.0,-17.926,1.0,0.0499,0.811,0.105,0.149,114.997,0.482
Vikings,2L9MrdhpregWFjOGqUQz8d,0.596,0.308,2.0,-16.709,1.0,0.0551,0.913,0.104,0.0592,82.493,0.733
Vikings,2cwUe02VNInFY7OstKbqsJ,0.177,0.256,4.0,-18.692,0.0,0.0394,0.818,0.124,0.0383,134.557,0.75
Vikings,1kBJmyerIA1x6e8Aq6mRgD,0.228,0.147,4.0,-20.666,0.0,0.0349,0.923,0.103,0.0362,79.659,0.367
Vikings,6XdINov1lWBUf8JfPOSr6K,0.145,0.0356,5.0,-27.233,0.0,0.044,0.854,0.0922,0.0308,138.821,0.61
Vikings,6fYtKYYmH3cnoP9hvDmB7J,0.209,0.232,3.0,-19.195,1.0,0.0574,0.976,0.0735,0.0296,73.412,0.977
Vikings,4gCFtvBXxWH3D7VTma7S7Y,0.185,0.304,1.0,-15.944,1.0,0.0319,0.901,0.077,0.0361,88.947,0.654
Vikings,0TSEHJRuWTtdCkIX3Pe03L,0.0645,0.132,0.0,-22.296,1.0,0.0562,0.966,0.0856,0.0369,68.002,0.912
Vikings,3qmBqj3EmghQ4UayTRBbL1,0.107,0.032,2.0,-29.055,0.0,0.0503,0.942,0.0865,0.0317,84.329,0.994
Vikings,1svZ16d9FKvt9k7zpX4Wls,0.236,0.65,11.0,-8.558,0.0,0.0392,0.947,0.0907,0.041,119.613,0.00222
Vikings,3wMkudI2bLkGRRsaUFEilk,0.105,0.471,7.0,-12.878,0.0,0.0417,0.958,0.073,0.0355,87.772,0.76
Vikings,1htKTOAtSmDJwMqFd94jcp,0.176,0.3,0.0,-14.556,0.0,0.0324,0.955,0.0917,0.0505,90.024,0.511
Vikings,6pgccPu73L8iOoWIWgCSvj,0.276,0.272,5.0,-20.971,1.0,0.0352,0.856,0.114,0.05,94.308,0.12
Vikings,6yHYhOnNSbNVYJRoJMfwUU,0.14,0.158,0.0,-26.412,0.0,0.0379,0.868,0.0539,0.134,100.348,0.867
Vikings,1FKXaOeAb7ifu8XhAToClu,0.161,0.375,7.0,-15.501,1.0,0.0564,0.895,0.119,0.0882,85.991,0.442
Vikings,2Pd9RW3hoQzTT2pFcOE5sM,0.161,0.125,4.0,-18.171,0.0,0.0392,0.977,0.0939,0.0327,76.989,0.613
Vikings,0yEAaSZGR9TlcPkFqpZzAf,0.116,0.0239,4.0,-24.716,1.0,0.0431,0.967,0.132,0.0295,92.514,0.589
Silicon Valley,7KOx3T3NskHxWpzSrZHCGz,0.642,0.895,4.0,-3.812,1.0,0.166,6.08e-05,0.0651,0.839,173.006,0.0547
Silicon Valley,3EdFstDAamKQh52e5JgXCq,0.466,0.788,1.0,-8.569,1.0,0.0457,0.827,0.0931,0.72,103.816,0.348
Silicon Valley,0SbSVCLdwdJOUkhLpzVJLd,0.25,0.798,11.0,-7.211,1.0,0.0399,0.874,0.304,0.0311,109.275,0.0041
Silicon Valley,677PTM2mV1gIUYelRmWqZb,0.663,0.698,4.0,-9.029,1.0,0.0511,0.000894,0.168,0.846,160.261,0.299
Silicon Valley,0p69q8hYXMciG5XqIrae3d,0.631,0.591,5.0,-9.427,1.0,0.0257,0.0116,0.21,0.728,92.134,0.00856
Silicon Valley,1DeuZgn99eUC1hreXTWBvY,0.847,0.741,9.0,-5.45,0.0,0.131,0.000459,0.132,0.6,126.995,0.0512
Silicon Valley,4MyJwNVDG8mmOZOYqJcNdr,0.665,0.562,7.0,-8.123,1.0,0.226,4.01e-05,0.0558,0.634,104.972,0.00933
Silicon Valley,2O4FEz7d9kbuLiUVHgWY5q,0.569,0.952,0.0,-5.541,1.0,0.0353,9.15e-05,0.142,0.715,112.806,0.000578
Silicon Valley,3et1SjQkOhOSUl9vzfDzlx,0.637,0.955,7.0,-1.691,0.0,0.112,0.0,0.422,0.613,127.985,0.106
Silicon Valley,69C9Q8wAgAPkgvsSgbZfcM,0.707,0.688,1.0,-7.385,1.0,0.0426,0.335,0.108,0.859,120.074,0.388
Silicon Valley,4ZznmXQNg7P9SHQ0DK239X,0.948,0.948,0.0,-3.961,0.0,0.09,1.41e-05,0.137,0.886,100.003,0.587
Silicon Valley,261nzdjr0TcrjSNgsG1TM9,0.854,0.875,7.0,-5.028,0.0,0.242,0.0,0.139,0.677,105.143,0.551
Silicon Valley,5Y6CsyJ3vyq1S1F0lbcGPK,0.841,0.898,9.0,-3.861,1.0,0.145,0.0,0.0751,0.921,104.985,0.48
Silicon Valley,3alF1VyYgqkNXCkRXYsAbO,0.805,0.507,8.0,-9.169,1.0,0.112,0.895,0.112,0.534,93.83,0.00241
Silicon Valley,3xd80KxnM4MnDcaE8bcreg,0.731,0.902,11.0,-5.151,1.0,0.0579,0.0,0.0695,0.947,147.006,0.0278
Silicon Valley,2HglVK920BoSkhPWB1kj14,0.636,0.874,1.0,-3.5,0.0,0.157,0.0,0.264,0.673,94.059,0.0109
Silicon Valley,3ZFTkvIE7kyPt6Nu3PEa7V,0.778,0.824,10.0,-5.892,0.0,0.0707,0.0,0.405,0.758,100.024,0.284
Silicon Valley,43oVkxKdyRF4kR0mVJrvdM,0.555,0.938,11.0,-2.204,0.0,0.0337,0.732,0.128,0.156,140.019,0.000855
Silicon Valley,067HguQQTL8iZAG5jfxt7N,0.808,0.616,11.0,-4.93,0.0,0.0426,0.829,0.108,0.769,133.358,0.0198
Silicon Valley,5jQYkYhoOlBW4vJ2l4TCxl,0.701,0.525,1.0,-7.938,0.0,0.382,2.55e-06,0.0615,0.385,75.693,0.0353
Silicon Valley,7LdaPYlRo4pq6CBt44To2H,0.883,0.896,0.0,-3.695,1.0,0.208,1.04e-06,0.0564,0.748,93.928,0.268
Silicon Valley,2Awqfmn0K0zckSURSdsC1Z,0.604,0.572,9.0,-10.985,1.0,0.0734,4.05e-05,0.071,0.786,87.575,0.266
Silicon Valley,6AS6xExH5qqqt6HMViLIdo,0.832,0.565,7.0,-8.64,1.0,0.244,1.03e-05,0.172,0.834,142.01,0.182
Silicon Valley,5Ow8p8XZzjNJT1Rjwibd1S,0.564,0.732,1.0,-4.539,1.0,0.238,0.0,0.064,0.509,169.95,0.0585
Silicon Valley,4iNSHQIFmR2vgrznbeen1r,0.572,0.732,1.0,-4.552,1.0,0.235,0.0,0.0647,0.535,169.76,0.0689
Silicon Valley,2lrRWbiHPdBicufAqrGN3r,0.606,0.915,10.0,-3.292,0.0,0.166,0.107,0.105,0.551,100.433,0.259
Silicon Valley,6uuqfE90P991leVbQ0ClKU,0.858,0.394,7.0,-7.855,1.0,0.424,0.0,0.0885,0.661,89.942,0.0191
Silicon Valley,5hpqucFM1CcQTi8hmrkeHU,0.418,0.967,11.0,-4.653,1.0,0.118,0.000247,0.112,0.123,109.949,2.97e-05
Silicon Valley,6Ih8jHzUdEDYmbLpg63S6K,0.716,0.775,6.0,-5.677,1.0,0.0804,0.922,0.131,0.442,150.043,0.00106
Silicon Valley,13FOyAysIBgEVLUugsyWP8,0.744,0.682,10.0,-3.69,0.0,0.0422,0.234,0.157,0.596,172.12,0.00761
Silicon Valley,4BggEwLhGfrbrl7JBhC8EC,0.736,0.811,9.0,-4.17,0.0,0.081,0.000142,0.107,0.609,103.502,0.00132
Silicon Valley,3EntqiSuPIJDu6CdRUetd9,0.75,0.79,10.0,-9.696,0.0,0.0463,0.00904,0.317,0.96,91.633,0.125
Silicon Valley,0ENGJrM4g0kODzoWGHjqOr,0.569,0.836,0.0,-7.876,1.0,0.0305,0.0313,0.332,0.495,95.91,0.0284
Silicon Valley,7BedC2HyWO3PxgzxTpToqN,0.639,0.891,1.0,-4.281,0.0,0.0527,0.00248,0.075,0.708,140.008,0.00334
Silicon Valley,24pXGqFW7Ep5wbT9caFKYz,0.659,0.941,1.0,-2.388,0.0,0.0434,0.0,0.415,0.861,140.018,0.000387
Silicon Valley,0gKxhzm0Jx1twbjBvLGXmT,0.605,0.872,3.0,-7.642,1.0,0.426,0.0,0.356,0.421,171.854,0.228
Silicon Valley,3dAc8UdguKMmY7yTpS3a0h,0.755,0.795,6.0,-8.505,1.0,0.1,0.773,0.0488,0.612,83.961,0.09
Silicon Valley,7wQB9MXmWvzrieBO481NW3,0.793,0.7,0.0,-6.641,0.0,0.0572,0.0,0.174,0.892,140.058,0.273
Silicon Valley,5UammO81GdBmo4vGptc9Ab,0.525,0.737,2.0,-10.307,1.0,0.0314,0.0661,0.33,0.517,94.14,0.115
Silicon Valley,2A9rFFPwsnhusCh8ZMBvYY,0.621,0.814,2.0,-5.937,1.0,0.154,0.00274,0.263,0.304,160.066,0.0405
Silicon Valley,0f1JGThR7vw00y2L4Vk8os,0.69,0.545,0.0,-9.391,1.0,0.158,2.48e-06,0.303,0.831,82.551,0.0085
Silicon Valley,0sMhsWf2Ye6DqlfZF06nAF,0.591,0.474,8.0,-11.505,1.0,0.0667,0.856,0.0436,0.972,103.007,0.137
Silicon Valley,5PjbVRRS1YxSJRb3ThSNnE,0.869,0.468,10.0,-4.93,0.0,0.1,0.00301,0.129,0.372,128.044,0.00548
Silicon Valley,5Cz3SjGNqDyNJl3dKSu4Ic,0.575,0.727,0.0,-5.231,1.0,0.039,0.035,0.0425,0.763,179.943,0.00105
Silicon Valley,1KKx5Da0qIOxSTkvxJapQ4,0.607,0.593,10.0,-9.684,0.0,0.0704,0.000163,0.142,0.403,92.283,0.517
Silicon Valley,0mSFV0rFMa4PRws8uA6Iag,0.793,0.878,2.0,-3.814,1.0,0.0496,0.625,0.0494,0.775,111.977,0.00335
Silicon Valley,4ButAaGahfg4sxZCbtTuhO,0.658,0.864,1.0,-2.878,1.0,0.0589,0.0766,0.0818,0.15,89.984,0.0513
Silicon Valley,6H38Ea6neHRvw43XMn6MmM,0.695,0.736,11.0,-7.077,1.0,0.0457,0.0,0.162,0.963,125.342,0.111
Silicon Valley,5ERwBxB0HX6UIMHNXGFdxY,0.479,0.745,2.0,-7.15,1.0,0.0835,0.000977,0.152,0.497,140.966,0.534
Silicon Valley,3L8FrRMimlHRgoQABRiTq9,0.452,0.862,7.0,-6.667,1.0,0.317,0.0327,0.134,0.423,131.686,0.497
Silicon Valley,4B9xwFIN58Nn8ZtvssOqKf,0.688,0.93,2.0,-3.222,1.0,0.214,9.68e-06,0.412,0.737,93.047,0.00305
Silicon Valley,0CBLqGc1esSZ5dM2gOZHsU,0.705,0.694,7.0,-6.774,1.0,0.21,3.49e-06,0.348,0.717,127.124,0.0435
Silicon Valley,5W8YXBz9MTIDyrpYaCg2Ky,0.589,0.89,4.0,-3.719,0.0,0.0603,0.00082,0.201,0.692,90.598,0.000481
Silicon Valley,4vi4ev9tAshHhKtMJPserD,0.726,0.945,11.0,-4.323,0.0,0.262,0.0,0.0807,0.779,92.035,0.202
Silicon Valley,69W94QexA3xtJfzIyGTyMU,0.473,0.786,0.0,-6.222,0.0,0.267,0.794,0.0515,0.559,173.772,0.000723
Silicon Valley,1lGf42PKJMaM3DLpF0T6mQ,0.67,0.857,3.0,-5.235,0.0,0.144,0.811,0.104,0.963,166.176,0.45
Silicon Valley,0G2sGAPyh1iYeTy1qSLgv2,0.785,0.887,6.0,-7.874,0.0,0.108,0.0,0.0176,0.755,99.919,0.0318
Silicon Valley,4pwR0mPdJAk2CMZoyPZbao,0.791,0.851,4.0,-6.605,0.0,0.248,0.000811,0.106,0.544,160.049,0.0359
Silicon Valley,38Mg4V9QH1ySHDlM0P4Yrk,0.557,0.717,10.0,-8.371,1.0,0.0305,0.902,0.117,0.443,99.192,0.391
Silicon Valley,1RloR3wP65PoSLcojmAwU0,0.807,0.889,0.0,-3.117,0.0,0.325,0.0,0.374,0.798,140.013,0.414
Silicon Valley,2uPEp51fp572Y44T3TbMNo,0.762,0.73,2.0,-4.233,1.0,0.163,0.0,0.0722,0.742,97.807,0.22
Silicon Valley,4rOuT22hNK8HjXyi6UJmcs,0.559,0.95,0.0,-6.741,1.0,0.0551,0.728,0.116,0.284,180.05,0.00027
Silicon Valley,3guKaqnwnfFfwR8P6ZQ9UI,0.776,0.663,8.0,-8.562,1.0,0.0794,0.709,0.114,0.591,76.494,0.0293
Silicon Valley,4XMQa78z5CsMrYfVYUfsda,0.723,0.875,2.0,-5.613,1.0,0.251,0.0,0.518,0.644,93.747,0.454
Silicon Valley,3LpnzPxkMI6XS4JCbhNeek,0.396,0.817,6.0,-7.282,1.0,0.045,0.00417,0.372,0.0992,90.264,0.00228
Silicon Valley,4tDn0aeIwtJa80mTCfrJ83,0.861,0.659,1.0,-4.771,1.0,0.0529,0.0,0.0973,0.749,115.006,0.531
Silicon Valley,3OtRwlANXIBVKZfoZH79aK,0.65,0.876,5.0,-4.781,1.0,0.0483,0.0,0.0938,0.545,101.317,0.233
Silicon Valley,7FeeQVg6yID8laNUH0LlX8,0.512,0.724,0.0,-5.912,1.0,0.0313,0.000144,0.237,0.531,130.037,0.000827
Silicon Valley,4H2on6HnWbjLiagOnIYlce,0.688,0.51,1.0,-7.057,1.0,0.113,0.239,0.119,0.396,113.306,0.00155
Silicon Valley,0xMu2Myn6alLLUucTYdvlw,0.584,0.883,10.0,-6.917,1.0,0.0453,0.83,0.0626,0.614,170.143,0.00152
Silicon Valley,2BC2zjR8TAqlTVU0p7wxVr,0.789,0.733,10.0,-4.982,1.0,0.128,0.0,0.138,0.401,133.099,0.082
Silicon Valley,47W6YR93MPCGLEUReLMyDm,0.662,0.949,6.0,-4.758,1.0,0.108,0.0,0.135,0.516,91.954,0.128
Silicon Valley,15InB207d8r7KNT2nPRhfI,0.816,0.825,1.0,-4.644,1.0,0.216,0.0,0.135,0.617,97.237,0.0833
Silicon Valley,3JuoMW6Cf557jDxthJX7AR,0.858,0.409,2.0,-10.878,1.0,0.0509,0.0,0.0861,0.964,118.949,0.34
Silicon Valley,2mF6ihjxuVTUoa3sEjB0Qu,0.441,0.933,5.0,-4.221,0.0,0.226,0.806,0.18,0.585,186.876,0.148
Silicon Valley,4rljrNlG7pWo8xAcfBz0VH,0.667,0.669,9.0,-6.051,1.0,0.132,0.472,0.0973,0.589,108.183,0.00272
Silicon Valley,65DxbULNmtl5xGYG2Dfn3H,0.72,0.595,2.0,-6.109,0.0,0.0976,4.73e-05,0.0775,0.486,111.0,0.0672
Silicon Valley,0tbAkEzaYn054pBlX66wt5,0.771,0.867,1.0,-4.254,0.0,0.0671,0.0,0.0999,0.925,86.01,0.0303
Silicon Valley,5iAoropa6PzHlhYflMoJvr,0.816,0.654,7.0,-6.85,1.0,0.0498,1.9e-06,0.056,0.669,124.996,0.00755
Silicon Valley,2gdvPU4pJzaimhHtwNZ8N7,0.525,0.892,0.0,-5.095,1.0,0.0341,0.644,0.0748,0.291,107.001,0.00481
Silicon Valley,7oMsRUhHgUYkLx5HZPwkA3,0.612,0.675,8.0,-4.742,0.0,0.385,1.09e-05,0.218,0.292,89.827,0.0762
Silicon Valley,4AHo9T0MVpNTPybmv0ITfJ,0.814,0.851,7.0,-6.725,1.0,0.212,0.00251,0.232,0.245,110.013,0.155
Silicon Valley,6TOr3TbJ6nDPP4nZwUyb46,0.687,0.805,2.0,-7.511,0.0,0.0623,0.407,0.0793,0.687,90.004,0.229
Silicon Valley,523JMQXpp4DvDAkrqsEKjt,0.841,0.527,8.0,-4.742,1.0,0.0778,0.0,0.337,0.198,140.048,0.0209
Silicon Valley,08TvXe4tcryw3Q9pekYqhj,0.483,0.648,8.0,-4.218,1.0,0.0592,0.886,0.241,0.691,76.164,0.0827
Silicon Valley,1WSlv7SGjBpf6ZKxbEkDlz,0.66,0.817,7.0,-2.87,1.0,0.206,0.0,0.257,0.424,101.73,0.0758
Silicon Valley,4ZnKSrukEcPuMxGrcZEEh1,0.853,0.884,1.0,-6.771,1.0,0.0836,6.83e-06,0.0313,0.668,124.542,0.0394
Silicon Valley,21dqFB02mxFTW7OuWJVO5W,0.643,0.691,7.0,-7.505,1.0,0.0627,0.0,0.0939,0.734,148.365,0.61
Silicon Valley,559g47APeiUpNtX6xhxZhi,0.796,0.555,10.0,-7.657,0.0,0.0876,2.1e-06,0.0644,0.961,74.997,0.263
Silicon Valley,2GyrPQuduYEBO1oPLzair5,0.519,0.893,11.0,-5.61,1.0,0.0548,0.852,0.158,0.413,119.914,0.00161
Silicon Valley,4IF1Et3YM0VjgeHEtmCKz2,0.695,0.738,1.0,-5.828,1.0,0.266,8.82e-05,0.0721,0.426,144.901,0.322
Silicon Valley,0SUzpkI6GWBCQeHbmEXyz2,0.782,0.991,2.0,-8.183,1.0,0.087,0.871,0.331,0.775,96.009,0.00513
Silicon Valley,2r6JhvSzpVZ2UaHPMptWRO,0.441,0.9,8.0,-4.03,1.0,0.095,0.462,0.253,0.465,119.141,0.0109
Silicon Valley,1F0MB3HekJ2boPnZsowdRg,0.902,0.929,1.0,-5.51,1.0,0.185,1.97e-06,0.285,0.619,107.008,0.364
Silicon Valley,0sAJQqc0wyYJD3v4Odt0Ga,0.895,0.737,0.0,-4.802,1.0,0.156,0.106,0.131,0.816,96.874,0.0284
Silicon Valley,2MfiUy311FNVeoI0crQDmE,0.66,0.6,2.0,-9.771,1.0,0.338,0.0,0.0897,0.387,82.948,0.0141
Silicon Valley,4jjhUjvxb0ry7jQMj732nj,0.423,0.92,3.0,-4.46,0.0,0.0495,0.0,0.136,0.468,157.478,0.00972
Silicon Valley,6MhXdULbWR25w14Q6Mj8Fp,0.739,0.752,0.0,-8.954,1.0,0.0486,4.96e-06,0.181,0.793,94.005,0.198
Silicon Valley,67P7Mi7VioY6cZ4AVQ7MrP,0.691,0.69,10.0,-8.065,1.0,0.0722,0.825,0.0534,0.598,178.009,0.00953
Silicon Valley,2jAWe3VrCAzKf3JPZEj6t3,0.872,0.905,1.0,-5.144,1.0,0.0383,0.751,0.0896,0.778,110.595,0.149
Silicon Valley,6TdoDstYM40wBaBmIzArij,0.726,0.584,0.0,-8.626,1.0,0.0323,0.0,0.111,0.92,94.012,0.617
Silicon Valley,46eQHV4f5npqYBYviCrG8V,0.705,0.889,7.0,-4.764,1.0,0.0636,0.782,0.104,0.205,92.936,8.91e-05
Silicon Valley,1H5tvpoApNDxvxDexoaAUo,0.869,0.887,0.0,-4.505,1.0,0.0993,0.0,0.148,0.784,129.221,0.0605
Silicon Valley,7uS1nm63bTYS9qRS99n7Uy,0.895,0.665,6.0,-6.285,0.0,0.224,0.0,0.236,0.734,107.654,0.3
Silicon Valley,26vQ7gqMFpKWOcU4C1bn3q,0.564,0.929,5.0,-7.956,0.0,0.0666,0.815,0.11,0.347,170.048,0.00599
